gene_name,start,end,eff_size_transmissibility1,eff_size_dr1,eff_size_dr2
gene-orf1ab,266,21555,0,0.050791402726819014,0
gene-S,21563,25384,0,0,0.3026038307524664
gene-ORF3a,25393,26220,1.1255281199579659,0,0
gene-E,26245,26472,0,0.06013945961687418,0
gene-M,26523,27191,0.2853575063325725,0,0
gene-ORF7a,27394,27759,1.1136340141197572,0,0
gene-ORF8,27894,28259,0.7992688880090343,0,0.5861610340531014
gene-ORF10,29558,29674,0.7125152866774294,0,0
