seed_id,transmissibility_1,drugresist_1,drugresist_2
0,2.0824991873516083,1.034524168316491,0.8887648648055677
1,0,1.0158280545363805,0.3026038307524664
2,0.2853575063325725,0.6094968327218283,0.3026038307524664
3,1.1255281199579659,0.8126624436291044,0.9078114922573992
4,0,0.6602882354486473,1.5130191537623319
