gene_name,start,end,eff_size_transmissibility1
gene-Rv1247c,1388975,1389244,1.0309562030201935
gene-Rv1644,1853606,1854388,0.8312269292330374
gene-Rv3597c,4040981,4041319,0.7925806363354225
gene-Rv3607c,4048744,4049145,0.9006319694999932
gene-Rv3758c,4203287,4204417,0.5869128734772031
