seed_id,transmissibility_1,
0,0
1,1.6624538584660749
2,1.6624538584660749
3,1.6624538584660749
4,0
